order_id,user_id,product_id,quantity,order_date,total_amount
ORD00001,U0002,P1004,5,2025-06-29 00:00:00,1245.0
ORD00002,U0001,P1002,1,2025-06-30 00:00:00,29.99
ORD00003,U0005,P1001,3,2025-06-10 00:00:00,3899.97
ORD00004,U0033,P1004,3,2025-08-25 00:00:00,747.0
ORD00005,U0032,P1004,5,2025-06-17 00:00:00,1245.0
ORD00006,U0047,P1008,2,2025-07-31 00:00:00,640.0
ORD00007,U0027,P1004,1,2025-06-13 00:00:00,249.0
ORD00008,U0043,P1007,3,2025-07-25 00:00:00,599.97
ORD00009,U0027,P1008,1,2025-08-26 00:00:00,320.0
ORD00010,U0042,P1002,1,2025-07-22 00:00:00,29.99
ORD00011,U0047,P1006,1,2025-07-02 00:00:00,12.0
ORD00012,U0013,P1004,5,2025-07-28 00:00:00,1245.0
ORD00013,U0009,P1007,2,2025-07-06 00:00:00,399.98
ORD00014,U0030,P1004,1,2025-07-27 00:00:00,249.0
ORD00015,U0036,P1002,1,2025-08-23 00:00:00,29.99
ORD00016,U0035,P1001,1,2025-07-01 00:00:00,1299.99
ORD00017,U0011,P1007,4,2025-08-01 00:00:00,799.96
ORD00018,U0014,P1007,1,2025-06-22 00:00:00,199.99
ORD00019,U0025,P1001,4,2025-07-04 00:00:00,5199.96
ORD00020,U0030,P1005,4,2025-08-29 00:00:00,1800.0
ORD00021,U0047,P1008,2,2025-06-25 00:00:00,640.0
ORD00022,U0019,P1004,1,2025-08-14 00:00:00,249.0
ORD00023,U0048,P1001,3,2025-06-08 00:00:00,3899.97
ORD00024,U0004,P1008,5,2025-08-07 00:00:00,1600.0
ORD00025,U0011,P1001,5,2025-06-11 00:00:00,6499.95
ORD00026,U0012,P1002,5,2025-06-09 00:00:00,149.95
ORD00027,U0044,P1004,4,2025-06-16 00:00:00,996.0
ORD00028,U0037,P1004,5,2025-08-16 00:00:00,1245.0
ORD00029,U0003,P1002,4,2025-08-24 00:00:00,119.96
ORD00030,U0038,P1006,3,2025-06-27 00:00:00,36.0
ORD00031,U0043,P1006,2,2025-07-04 00:00:00,24.0
ORD00032,U0026,P1003,3,2025-07-29 00:00:00,268.5
ORD00033,U0021,P1002,1,2025-07-29 00:00:00,29.99
ORD00034,U0040,P1002,1,2025-08-08 00:00:00,29.99
ORD00035,U0014,P1005,2,2025-07-15 00:00:00,900.0
ORD00036,U0005,P1004,3,2025-07-07 00:00:00,747.0
ORD00037,U0011,P1008,5,2025-08-30 00:00:00,1600.0
ORD00038,U0020,P1001,5,2025-07-09 00:00:00,6499.95
ORD00039,U0043,P1002,2,2025-07-04 00:00:00,59.98
ORD00040,U0008,P1002,5,2025-06-20 00:00:00,149.95
ORD00041,U0018,P1005,5,2025-06-27 00:00:00,2250.0
ORD00042,U0046,P1006,2,2025-08-27 00:00:00,24.0
ORD00043,U0041,P1005,5,2025-08-02 00:00:00,2250.0
ORD00044,U0017,P1001,1,2025-08-21 00:00:00,1299.99
ORD00045,U0028,P1005,1,2025-06-01 00:00:00,450.0
ORD00046,U0022,P1003,3,2025-06-21 00:00:00,268.5
ORD00047,U0048,P1008,5,2025-08-30 00:00:00,1600.0
ORD00048,U0028,P1001,1,2025-06-10 00:00:00,1299.99
ORD00049,U0045,P1003,5,2025-06-05 00:00:00,447.5
ORD00050,U0024,P1003,4,2025-06-17 00:00:00,358.0
ORD00051,U0003,P1005,3,2025-06-06 00:00:00,1350.0
ORD00052,U0023,P1004,2,2025-08-25 00:00:00,498.0
ORD00053,U0007,P1006,5,2025-07-23 00:00:00,60.0
ORD00054,U0040,P1003,2,2025-06-21 00:00:00,179.0
ORD00055,U0012,P1007,1,2025-06-23 00:00:00,199.99
ORD00056,U0048,P1006,4,2025-08-25 00:00:00,48.0
ORD00057,U0048,P1004,3,2025-06-21 00:00:00,747.0
ORD00058,U0045,P1002,4,2025-06-05 00:00:00,119.96
ORD00059,U0031,P1004,2,2025-07-29 00:00:00,498.0
ORD00060,U0023,P1005,2,2025-06-29 00:00:00,900.0
ORD00061,U0002,P1004,4,2025-07-13 00:00:00,996.0
ORD00062,U0018,P1002,3,2025-07-15 00:00:00,89.97
ORD00063,U0042,P1007,5,2025-07-13 00:00:00,999.95
ORD00064,U0002,P1002,3,2025-06-23 00:00:00,89.97
ORD00065,U0038,P1005,1,2025-06-14 00:00:00,450.0
ORD00066,U0039,P1007,3,2025-07-11 00:00:00,599.97
ORD00067,U0028,P1002,4,2025-08-13 00:00:00,119.96
ORD00068,U0013,P1005,1,2025-08-30 00:00:00,450.0
ORD00069,U0028,P1001,5,2025-08-08 00:00:00,6499.95
ORD00070,U0044,P1004,3,2025-07-26 00:00:00,747.0
ORD00071,U0005,P1006,5,2025-07-11 00:00:00,60.0
ORD00072,U0043,P1002,3,2025-08-04 00:00:00,89.97
ORD00073,U0020,P1007,3,2025-07-22 00:00:00,599.97
ORD00074,U0045,P1005,5,2025-06-17 00:00:00,2250.0
ORD00075,U0013,P1007,4,2025-08-26 00:00:00,799.96
ORD00076,U0048,P1003,5,2025-08-12 00:00:00,447.5
ORD00077,U0020,P1007,5,2025-06-01 00:00:00,999.95
ORD00078,U0020,P1005,2,2025-07-26 00:00:00,900.0
ORD00079,U0038,P1006,4,2025-07-27 00:00:00,48.0
ORD00080,U0029,P1004,5,2025-07-31 00:00:00,1245.0
ORD00081,U0048,P1003,1,2025-07-07 00:00:00,89.5
ORD00082,U0033,P1006,1,2025-07-01 00:00:00,12.0
ORD00083,U0044,P1005,2,2025-06-26 00:00:00,900.0
ORD00084,U0010,P1001,1,2025-07-02 00:00:00,1299.99
ORD00085,U0031,P1002,4,2025-07-24 00:00:00,119.96
ORD00086,U0041,P1004,4,2025-08-03 00:00:00,996.0
ORD00087,U0026,P1004,2,2025-08-23 00:00:00,498.0
ORD00088,U0045,P1001,1,2025-07-25 00:00:00,1299.99
ORD00089,U0015,P1003,5,2025-07-30 00:00:00,447.5
ORD00090,U0004,P1004,1,2025-07-29 00:00:00,249.0
ORD00091,U0009,P1008,5,2025-08-11 00:00:00,1600.0
ORD00092,U0039,P1006,4,2025-08-18 00:00:00,48.0
ORD00093,U0047,P1007,5,2025-07-28 00:00:00,999.95
ORD00094,U0011,P1008,4,2025-07-04 00:00:00,1280.0
ORD00095,U0049,P1004,3,2025-08-06 00:00:00,747.0
ORD00096,U0032,P1004,3,2025-07-27 00:00:00,747.0
ORD00097,U0005,P1005,2,2025-07-05 00:00:00,900.0
ORD00098,U0022,P1006,5,2025-06-11 00:00:00,60.0
ORD00099,U0009,P1003,2,2025-07-20 00:00:00,179.0
ORD00100,U0045,P1003,2,2025-06-09 00:00:00,179.0
ORD00101,U0027,P1007,3,2025-08-09 00:00:00,599.97
ORD00102,U0030,P1007,1,2025-06-27 00:00:00,199.99
ORD00103,U0027,P1007,5,2025-08-29 00:00:00,999.95
ORD00104,U0002,P1007,4,2025-06-01 00:00:00,799.96
ORD00105,U0023,P1005,4,2025-07-24 00:00:00,1800.0
ORD00106,U0035,P1004,4,2025-06-29 00:00:00,996.0
ORD00107,U0018,P1007,4,2025-06-04 00:00:00,799.96
ORD00108,U0025,P1006,4,2025-06-22 00:00:00,48.0
ORD00109,U0030,P1003,5,2025-08-08 00:00:00,447.5
ORD00110,U0002,P1007,5,2025-08-12 00:00:00,999.95
ORD00111,U0043,P1001,1,2025-08-22 00:00:00,1299.99
ORD00112,U0028,P1003,4,2025-06-24 00:00:00,358.0
ORD00113,U0004,P1005,4,2025-07-12 00:00:00,1800.0
ORD00114,U0014,P1008,3,2025-07-14 00:00:00,960.0
ORD00115,U0049,P1007,3,2025-07-24 00:00:00,599.97
ORD00116,U0017,P1002,4,2025-06-03 00:00:00,119.96
ORD00117,U0048,P1001,3,2025-06-29 00:00:00,3899.97
ORD00118,U0042,P1002,1,2025-06-04 00:00:00,29.99
ORD00119,U0016,P1004,1,2025-08-19 00:00:00,249.0
ORD00120,U0010,P1004,2,2025-07-31 00:00:00,498.0
ORD00121,U0043,P1002,5,2025-06-28 00:00:00,149.95
ORD00122,U0030,P1005,3,2025-06-22 00:00:00,1350.0
ORD00123,U0039,P1002,2,2025-07-10 00:00:00,59.98
ORD00124,U0007,P1001,3,2025-08-13 00:00:00,3899.97
ORD00125,U0044,P1007,4,2025-06-26 00:00:00,799.96
ORD00126,U0005,P1004,1,2025-08-29 00:00:00,249.0
ORD00127,U0050,P1005,5,2025-06-16 00:00:00,2250.0
ORD00128,U0037,P1001,3,2025-08-08 00:00:00,3899.97
ORD00129,U0028,P1006,1,2025-08-04 00:00:00,12.0
ORD00130,U0042,P1006,1,2025-07-24 00:00:00,12.0
ORD00131,U0032,P1002,4,2025-07-17 00:00:00,119.96
ORD00132,U0041,P1008,2,2025-07-26 00:00:00,640.0
ORD00133,U0012,P1005,5,2025-08-08 00:00:00,2250.0
ORD00134,U0050,P1008,4,2025-07-26 00:00:00,1280.0
ORD00135,U0047,P1005,3,2025-07-02 00:00:00,1350.0
ORD00136,U0006,P1005,4,2025-07-02 00:00:00,1800.0
ORD00137,U0049,P1008,5,2025-08-18 00:00:00,1600.0
ORD00138,U0043,P1007,3,2025-06-04 00:00:00,599.97
ORD00139,U0032,P1006,2,2025-08-02 00:00:00,24.0
ORD00140,U0014,P1006,3,2025-07-14 00:00:00,36.0
ORD00141,U0018,P1005,5,2025-06-02 00:00:00,2250.0
ORD00142,U0034,P1004,1,2025-07-01 00:00:00,249.0
ORD00143,U0047,P1007,4,2025-08-11 00:00:00,799.96
ORD00144,U0049,P1004,4,2025-08-22 00:00:00,996.0
ORD00145,U0046,P1008,4,2025-06-03 00:00:00,1280.0
ORD00146,U0006,P1005,2,2025-07-22 00:00:00,900.0
ORD00147,U0045,P1004,3,2025-08-24 00:00:00,747.0
ORD00148,U0038,P1006,4,2025-08-10 00:00:00,48.0
ORD00149,U0034,P1006,4,2025-08-10 00:00:00,48.0
ORD00150,U0022,P1006,4,2025-07-05 00:00:00,48.0
ORD00151,U0020,P1005,2,2025-06-16 00:00:00,900.0
ORD00152,U0047,P1004,3,2025-06-16 00:00:00,747.0
ORD00153,U0048,P1003,2,2025-06-28 00:00:00,179.0
ORD00154,U0048,P1008,3,2025-08-15 00:00:00,960.0
ORD00155,U0049,P1005,1,2025-06-25 00:00:00,450.0
ORD00156,U0019,P1004,3,2025-06-23 00:00:00,747.0
ORD00157,U0020,P1001,5,2025-06-17 00:00:00,6499.95
ORD00158,U0018,P1001,1,2025-08-10 00:00:00,1299.99
ORD00159,U0019,P1003,4,2025-06-14 00:00:00,358.0
ORD00160,U0001,P1005,4,2025-08-01 00:00:00,1800.0
ORD00161,U0029,P1006,2,2025-06-07 00:00:00,24.0
ORD00162,U0017,P1008,1,2025-06-09 00:00:00,320.0
ORD00163,U0026,P1008,1,2025-08-13 00:00:00,320.0
ORD00164,U0041,P1001,2,2025-06-20 00:00:00,2599.98
ORD00165,U0037,P1005,1,2025-07-02 00:00:00,450.0
ORD00166,U0008,P1007,5,2025-08-16 00:00:00,999.95
ORD00167,U0040,P1004,5,2025-07-19 00:00:00,1245.0
ORD00168,U0029,P1008,3,2025-08-15 00:00:00,960.0
ORD00169,U0028,P1005,5,2025-08-19 00:00:00,2250.0
ORD00170,U0004,P1002,2,2025-08-20 00:00:00,59.98
ORD00171,U0014,P1005,1,2025-06-21 00:00:00,450.0
ORD00172,U0016,P1003,5,2025-06-10 00:00:00,447.5
ORD00173,U0011,P1001,4,2025-07-28 00:00:00,5199.96
ORD00174,U0045,P1008,3,2025-06-05 00:00:00,960.0
ORD00175,U0015,P1005,3,2025-08-29 00:00:00,1350.0
ORD00176,U0030,P1002,2,2025-07-04 00:00:00,59.98
ORD00177,U0041,P1004,4,2025-06-15 00:00:00,996.0
ORD00178,U0035,P1004,2,2025-07-05 00:00:00,498.0
ORD00179,U0010,P1002,1,2025-06-22 00:00:00,29.99
ORD00180,U0020,P1005,4,2025-06-16 00:00:00,1800.0
ORD00181,U0030,P1005,4,2025-07-05 00:00:00,1800.0
ORD00182,U0033,P1008,4,2025-06-11 00:00:00,1280.0
ORD00183,U0039,P1001,4,2025-07-12 00:00:00,5199.96
ORD00184,U0039,P1005,1,2025-06-12 00:00:00,450.0
ORD00185,U0015,P1001,3,2025-08-13 00:00:00,3899.97
ORD00186,U0003,P1003,4,2025-08-06 00:00:00,358.0
ORD00187,U0042,P1008,3,2025-06-24 00:00:00,960.0
ORD00188,U0038,P1007,4,2025-06-12 00:00:00,799.96
ORD00189,U0031,P1006,4,2025-07-13 00:00:00,48.0
ORD00190,U0021,P1002,2,2025-07-13 00:00:00,59.98
ORD00191,U0027,P1008,3,2025-08-24 00:00:00,960.0
ORD00192,U0026,P1001,4,2025-06-12 00:00:00,5199.96
ORD00193,U0021,P1005,3,2025-06-15 00:00:00,1350.0
ORD00194,U0050,P1007,5,2025-06-01 00:00:00,999.95
ORD00195,U0043,P1008,4,2025-06-07 00:00:00,1280.0
ORD00196,U0013,P1006,5,2025-08-03 00:00:00,60.0
ORD00197,U0041,P1008,1,2025-06-27 00:00:00,320.0
ORD00198,U0018,P1003,3,2025-07-27 00:00:00,268.5
ORD00199,U0045,P1008,1,2025-06-04 00:00:00,320.0
ORD00200,U0041,P1004,2,2025-07-10 00:00:00,498.0
