user_id,full_name,email,region,registered_date
U0001,Jordan Smith,jordan.smith1@example.com,EU-Central,2025-03-04
U0002,Morgan Johnson,morgan.johnson2@example.com,US-East,2025-06-23
U0003,Jordan Jones,jordan.jones3@example.com,APAC,2025-01-09
U0004,Alex Smith,alex.smith4@example.com,US-West,2025-03-01
U0005,Alex Jones,alex.jones5@example.com,US-West,2025-06-16
U0006,Pat Johnson,pat.johnson6@example.com,APAC,2025-05-31
U0007,Sam Miller,sam.miller7@example.com,US-East,2025-02-10
U0008,Pat Williams,pat.williams8@example.com,EU-Central,2025-02-09
U0009,Morgan Miller,morgan.miller9@example.com,EU-Central,2025-01-27
U0010,Jordan Brown,jordan.brown10@example.com,US-East,2025-04-02
U0011,Chris Jones,chris.jones11@example.com,EU-Central,2025-01-12
U0012,Riley Jones,riley.jones12@example.com,US-East,2025-04-07
U0013,Jordan Jones,jordan.jones13@example.com,EU-Central,2025-06-10
U0014,Chris Jones,chris.jones14@example.com,US-West,2025-06-30
U0015,Jordan Smith,jordan.smith15@example.com,US-West,2025-03-16
U0016,Jordan Miller,jordan.miller16@example.com,US-West,2025-01-26
U0017,Pat Williams,pat.williams17@example.com,APAC,2025-06-12
U0018,Chris Johnson,chris.johnson18@example.com,EU-Central,2025-04-01
U0019,Morgan Garcia,morgan.garcia19@example.com,EU-Central,2025-06-29
U0020,Jordan Jones,jordan.jones20@example.com,US-West,2025-05-17
U0021,Morgan Johnson,morgan.johnson21@example.com,APAC,2025-04-08
U0022,Sam Garcia,sam.garcia22@example.com,US-West,2025-06-25
U0023,Chris Miller,chris.miller23@example.com,US-East,2025-02-28
U0024,Alex Miller,alex.miller24@example.com,EU-Central,2025-04-13
U0025,Sam Smith,sam.smith25@example.com,US-West,2025-05-26
U0026,Chris Johnson,chris.johnson26@example.com,APAC,2025-04-12
U0027,Riley Johnson,riley.johnson27@example.com,EU-Central,2025-02-05
U0028,Morgan Garcia,morgan.garcia28@example.com,EU-Central,2025-05-30
U0029,Pat Jones,pat.jones29@example.com,APAC,2025-04-03
U0030,Morgan Johnson,morgan.johnson30@example.com,APAC,2025-01-24
U0031,Alex Miller,alex.miller31@example.com,US-East,2025-02-09
U0032,Taylor Miller,taylor.miller32@example.com,APAC,2025-06-02
U0033,Jordan Brown,jordan.brown33@example.com,APAC,2025-06-02
U0034,Riley Jones,riley.jones34@example.com,EU-Central,2025-05-22
U0035,Alex Garcia,alex.garcia35@example.com,US-East,2025-06-24
U0036,Sam Miller,sam.miller36@example.com,EU-Central,2025-01-29
U0037,Sam Brown,sam.brown37@example.com,US-West,2025-04-27
U0038,Alex Garcia,alex.garcia38@example.com,EU-Central,2025-05-09
U0039,Taylor Jones,taylor.jones39@example.com,US-East,2025-06-10
U0040,Sam Miller,sam.miller40@example.com,US-West,2025-02-09
U0041,Chris Miller,chris.miller41@example.com,US-West,2025-05-19
U0042,Alex Jones,alex.jones42@example.com,EU-Central,2025-05-06
U0043,Alex Smith,alex.smith43@example.com,EU-Central,2025-03-20
U0044,Morgan Smith,morgan.smith44@example.com,US-West,2025-05-26
U0045,Jordan Smith,jordan.smith45@example.com,APAC,2025-01-18
U0046,Taylor Johnson,taylor.johnson46@example.com,APAC,2025-05-21
U0047,Taylor Williams,taylor.williams47@example.com,APAC,2025-02-24
U0048,Morgan Garcia,morgan.garcia48@example.com,EU-Central,2025-04-13
U0049,Chris Brown,chris.brown49@example.com,APAC,2025-01-31
U0050,Morgan Johnson,morgan.johnson50@example.com,US-East,2025-03-28
